key,value
U0aCfP8SI3OGbi08GXSs,PAxlQ454b4CJkDBEkKSGmmNDdZdGMZdnNhHvtkJOsFCdu9EJWc5btLKrIpAM1SEEuhkGPTkB2HbBmhdO
CAmdwN0OoDbEkOkAMg76,uFv2BsafRGKyKfhRGE7Xq3VQnwVrbIpIwyS4IVbfYyRzWclBe7Cd3i6G5t21hBBLfPA58dGog216vHfA
w5j6xnVbEMabHra19XgN,bXeU5Hsmyzpq39yrutBjFNWRJm1pWwXtnBJT7jQDsxn5YnvQduoMJoXNsSxXZwPePd4yG4kiW0iiAEnH
qSnocXOjf9ishgPJmszb,4ABV7lRO24b2Vi88FSVytELvjSajEOxW6pFuLqhRTqCv4W0cvz1riVztLO3lKESz1qqs8QpwLFuDxHlp
uEemOO9fpmNcyf7zCet2,e4YWk1WlT47XhXY6ZEFmU0ZMxzByIrPT6ZyRMSoDC9emBewzMpMXZsWem1EcmL1jniXkj1esmF2hxm5a
w0c9ZIkWYMFOyfcvyNxU,PS3uxiV1OQ75IivlsSeYDSbBsgyJNeaCV7L3R4pzPFhVTDrRPPttmgPZv1BIyWhwEwFWTG551ep44kiW
bpRmC8ttLga4UdcMYI50,pTEwnP2Rk1AIBjqLNJqDLi8WLV2qCaKd33hMek3uZztaoIPoAb15Wd6qmhO4WfvtROp1f2E50lf4Jbl9
hj9t7tTWKAjh6RRC0qz3,dmf9mQkLJ8bLmoWvVy7bWdN7dM16es5jUmCD8pwwcvyUtr40HGZh0Bh0mLII4inlDHRQ41Oee6rt6bom
RSpTinBOVJy51c4OEwRx,nI0tBbcqib3RM1oEN5o5oIOoAUxlQu6QQWiWR7RP6PkxIkiJkdAhIPBdP88P2EyvRt0xxPgu5jVzTklv
